postalCode,city
S4C 9H1,Nicolehaven
S1N 5P8,New Tony
T3A9L1,Lake Jason
K9A8J3,Jefferyport
C4E3C1,Allenmouth
T5T 5L9,Lake Christina
X5V6T3,North Laura
R1N3T2,South Carol
B9E8V6,Serranoville
R4P 1B8,Jamesport
K3A 9J9,Montoyabury
E9T7L7,Christinestad
M5V1P2,Davisview
G5Y 2C8,Richardsonfort
X8E3C4,South Ericfort
R3X 8T7,Robinsonmouth
S9J 8S9,Scottmouth
R6B1E7,Nelsonview
R7N 8G7,New Brianview
L9S 7T3,Stephanieport
H8J9V2,West Paultown
K4T 8R6,East Tonyland
V2Y8X7,Valerieview
K7C 3M9,Spencerville
C6S6T2,Nelsonside
C1Y 8S5,South Richard
N6T6Y8,Francisstad
E9J 4J7,North Molly
A2H4C6,Brookston
A1J 6R5,West Kyleville
N8E 2L4,Livingstonport
J1A8H8,West Jenna
H5R 3S4,East Andrew
A5G 6R7,Christopherside
P9J9C6,Williamsview
P7A8Y3,New Natasha
Y2G3R3,New Deanna
V6J3E5,North Kennethside
L1H 2A5,South Brenda
P7J 8S4,South Steven
K5E2V8,Reidhaven
S4E 9E7,Courtneymouth
S9G1E7,Janetland
X1H9R3,North Zacharyshire
X6R3N5,North Markstad
E5X4R8,Byrdport
R8H 1S5,West Richard
V2Y1N8,West Michelleville
M7T7K9,Tonimouth
J7B4L8,Kleinberg
L1X 7V4,Autumnchester
K5X 1P9,North Christyfurt
T6R 9P5,New Sabrina
A9R 3P5,New David
S5J3H2,Piercemouth
J4T 7V5,Gloverburgh
S5H2P3,Amandamouth
P5A 9Y5,Lake Brettfurt
J6G7K8,New Annafort
H5T4V7,Victoriamouth
V4B7M2,Lake Willieshire
S1G4B6,New Vincent
T7M 2B7,Acostafort
A6C 2J1,Gregoryside
R1J2A9,Wendyborough
M4Y 7P1,Kimberlyfort
P3S1C9,East Carolynfort
N1E 9G8,Angelahaven
R6K 5P2,East Johnton
G4K 7A2,Reidbury
B2K 9M9,North Thomas
K7K 5S7,Jacksonburgh
A7C 6A2,New Sandraton
A9X5V3,New Sandy
P5J 4V5,Lake Justin
L2R7T2,East Brianna
T4T 6Y8,Finleytown
R6A 5C6,North Markfurt
G6H 2M6,South Bryanview
P2P9Y7,Lake Selena
C1L6J3,North Victoria
X8X4G6,Bernardstad
T3X6A6,Andersonmouth
A2A6X4,Sarahborough
J7K7M7,Elizabethchester
R9A3J3,Lindsaytown
N3J 8A8,Ryanstad
C8S2N6,Tatefurt
B3K9K2,Lake Lauren
H4V4V1,Gallowayport
T9N 8X6,Smithbury
H6P 1T3,Estesmouth
X5P 9C1,South Garystad
H7H 1V5,Lake Stephanie
P8Y5Y2,Port Lauramouth
N8T1X3,Wernermouth
H1B1A9,Ramirezstad
N2S 8R8,Osbornside
A7L2K6,Kristyhaven
N8T 3T2,North Margaretshire
J4L8G4,Amandahaven
J2P 5J7,Harrellfurt
A4M6H9,Lindseyburgh
S8C9P8,Howardport
G7X7H3,Clintonhaven
G5M3M8,Woodtown
B5X7P8,Piercetown
H7X7H1,Michelleshire
P9C 1R2,Coreytown
K9E2R3,Raymondbury
M1X 2M3,North Erin
B1B4R8,Port Eric
E4E4T7,Lake Jennifer
P8J8X5,Thomaschester
R2M 9H5,West Derekville
B7M3X1,Eileenchester
X1E8N8,Charlesville
G4G8Y3,Nathanville
B4B9P8,East Melissaberg
K9N 7H7,Port Meghanview
J5S 8G1,Lake Marymouth
T1H1B6,Evanstown
M1T 4S6,Lake Gary
C9B8T4,Keithbury
E1J 7S9,East Summer
S6L7S3,North Tamara
T3B 5S3,Jenniferborough
V5H8A7,Lake Williebury
X5C 6N8,Kempberg
B9E9B6,Victoriaburgh
J9L1T6,South Robinstad
M9E 9P9,Taylorfurt
K8S 6T2,Sotoborough
B2N8B6,Lake Kristen
X6G 3P3,West Heatherburgh
T1S6B8,Scottberg
S9H 4G6,Lake Kellyburgh
G2G6N7,Port Christopherfurt
P9V6M8,Mccormickville
V6B7X4,East Jasmine
N5P 5H5,Port Alexanderport
B8K1M4,Lindseyton
X7C 5X8,Maryburgh
J5K6A9,Georgeberg
C4V 3L9,Greenefurt
L3M1L6,West Travis
A5H7G7,North Catherine
K5H 1V3,Port Brian
C3K8G9,Port Felicia
J3S1E3,Cruzshire
M1G 7K9,Boyletown
N8K 4P6,North Andrew
G6V5J7,North Natalieborough
H6C4R7,Wolftown
T5K 2R2,Alexberg
P2V6C5,Markmouth
Y2L7P1,South Chasemouth
C8N 8G2,Port Jasminehaven
N6T5Y2,Brandyfort
V2G6S6,Barrettborough
C5S 9T3,Hendricksside
A9M7K3,Hoffmanmouth
X7V3S8,Lake Jacobhaven
C7M 4K2,Bennettville
P7A9Y7,New Michellechester
R9J 5E2,Diazbury
C8N1N4,Lake Heatherfurt
J1H5C4,Richardsonberg
C2G 3M2,West Pennyfurt
R9L 9A9,Moyerhaven
H3L 8P9,West Michael
K7R6M1,Burkechester
J4H2C7,Randallborough
M4M9H4,Port Christopher
G4L 2S2,Port Juanchester
G4N 1V5,Port Kevintown
N6P 8G2,South Jamesberg
N4V3R6,Lake Curtis
T5S 5G1,New Eric
C5S 3M4,Fordview
T3H9E4,East Melinda
V9L 9S7,Eatonburgh
N6B2E1,Matthewstad
E8G9M1,Edwardston
V1A4R4,Lake Jasontown
A8A 5B7,East Tyler
J1Y9T5,New Bryanshire
R1J 3X5,Macdonaldtown
C7N2V9,South Matthewchester
L6R 1V6,Kentport
R4R7P1,Ivanstad
E5B4A9,Gonzalezburgh
J6K 5T5,East Adrian
H1C 8P1,East Tinafort
X2R1E1,West Alicia
A3T 6H1,Jakeview
P9E3X2,South Justinville
B8K 5B4,West Jennifermouth
N5N 2P2,North Andrew
M8G3Y4,Zacharyland
K9A1E2,Reyesberg
C2C 2L4,South Krystal
J3B 8R9,Boothborough
A8N4B7,Williamshaven
J3Y6V3,Lake Amanda
Y3C4A7,East Richardton
C4R 1P3,North Tylerside
C3V 3X1,Schneidermouth
E5H 3V4,Martinezview
H2C 7Y5,Gonzalezburgh
B3B 7V9,Lake Jennatown
G4B 7A9,West Anna
P4P2S7,Port Rhondabury
V9R 7N7,West Annahaven
B9K 9S2,Petersonville
P3K1M8,Kimberlyburgh
C1H 7A1,Spencerstad
V9G5E6,Port Melissa
Y4X9P6,Lynchtown
N6K 7A4,Ambertown
N7B 9X5,Port Shawn
B2C7K3,Wilsontown
N7X 9R5,Mccormickmouth
Y6T8N9,North Eileenside
M2R6X5,Torresland
A2P8P3,North Andreaberg
B9R6B8,Garciaburgh
B3M2Y7,North Jessicamouth
R7Y5A5,Codyport
P3J8G8,Lake Jasonmouth
K3X 1S2,Thomastown
A8H 1Y4,South William
M5R 3L3,Jasonburgh
V5J3K7,New Michelle
K9Y4R3,Tiffanyland
L1N4H3,Danielberg
L5G 4P8,South Elizabethton
H8V 6J7,South Danieltown
M3K2M8,Jamesmouth
G8V1B5,Lake Scott
C9E5P7,South Douglasview
N7Y 4S7,Lake Rhonda
M2R7C1,Lake Cynthialand
N3T 4L9,Jadeland
S9L2G5,East Scott
K5P2S8,Hicksbury
B2R 6H1,West Briannaview
X5A3V7,North Casey
Y4R 3H8,Tammyberg
V9T 7S2,Alexishaven
S6Y3V8,Briggshaven
Y9J 4G1,Grantstad
V9T 3S4,Port Lisaberg
L2M 8L6,Boothborough
S3Y 2C8,West William
R5H4S8,North Hailey
B2M 8J6,Timview
R7C2A3,New Justin
J4N4S1,Jacobstad
H7C6Y7,Daniellehaven
B7Y 5E4,North Lindsey
E3J 5C5,Port Jenniferland
V8L 6N3,Lake Ashley
T9J 8R8,East Karinamouth
Y2T4J8,Mendozafort
P2X 7T9,Jeremyborough
H2H 4C3,Port Michelleberg
C1L 6Y9,North David
C5J1T2,Orozcoton
E9V 2B1,Dianafurt
Y4H9B1,Jessicaland
K2T6V6,West Denise
H7T6B2,North Charles
J5V2N5,Gregoryshire
E8Y2B1,Margaretside
M9C4V1,East Thomasstad
V2Y2C7,Sloanmouth
K6E 8E9,Paulside
X9K 6V9,Ronaldside
M9R6M2,Gonzalezview
G2J 5P8,Sydneyborough
E4N 8L6,North Hannah
J2R9C8,Crosbyport
B9P 7M6,Port Francesmouth
V3V9M2,Garnerview
K3G8T6,Rushtown
T5H 4V1,West Crystalton
S9Y4A7,Stanleyland
V9R 7Y6,Port Samuelmouth
S9C7L7,South Carolynshire
L2G 1N4,Port Aliciaport
E4G6M1,New Patrick
H2H 2E6,Lake Madeline
S6R2P3,Port Tracyton
P5N 2T4,Pattersonton
H5V3C4,North Joshuastad
B7C6X5,Anthonyside
T9X 6N9,New Georgefort
P8Y 1S1,Lake Diane
P3E9R1,Lake Jacob
N9V 5E9,East Michaelberg
Y1J3B4,Robertburgh
H6G9V2,West William
M2N 2Y5,Port Patriciaside
R9K2R6,Brownshire
E4B 9P4,Alyssahaven
H7Y2B8,East Justin
A2G 7E2,Meltonshire
X6H 3T7,Port Stevenhaven
M2L5Y9,North Steven
A5M 4C9,Lake Joshuaside
T4H 9R8,Lisafurt
A7E6V7,West Michaelhaven
Y6B9V8,Wilsonland
T5Y5R9,Benjaminside
L6G7M3,Thomasstad
M1Y6V1,West Josephside
B4K 3J3,Lake Amy
X4P3E9,South Jenniferside
E1R 8E1,South Andrew
J4Y 2J7,Nicholasside
R6M7N1,Smithmouth
M9T 2L7,Crystalberg
L2H5N2,Jenniferton
H5S8X4,East Abigail
X9R7K8,North Dylanmouth
C1J8V1,Reginaldton
H1B2M9,East Nancyshire
A2G6K8,Villarrealberg
Y2B 9R8,Port Jenniferview
V3E 7T5,Vargasmouth
S6T 5S9,Rosemouth
Y5B 8G3,East Maria
Y5Y 9A8,North Sarah
N7E 5R1,North Zacharytown
N2X 6X2,East Kelly
K5K 7A9,Johnburgh
M3H9A4,Lake Matthew
A6Y 3K7,Hughesport
Y5A5C7,Nicholashaven
R5M 9N2,Claytonville
K5A5H2,Jomouth
E1T9N4,New Robert
H9T 5H7,Washingtonland
Y6M 5V9,South Conniemouth
G8V 7V4,Lisaside
L3T 8N7,Michaelchester
C4P 5Y7,New Heatherbury
K9K4K1,South Michael
T7M 5H5,New Selenashire
H7N 5P3,Gilmoreshire
Y8J6B6,Nelsonborough
C8Y 1N3,Stewartfort
X2H3J7,Davisfort
R4J5H8,Christopherville
M8J 2M9,Alvarezview
J4J 8M5,Lucasview
N6V 1T7,Port Amyland
L9X6J4,Ronaldborough
G2V8S6,West Megan
R1L 6X5,Lisaside
A5Y5T5,Garciashire
V1C 8K6,Lake Markstad
P2A 2J7,New Tiffanymouth
G4Y1E9,Christopherhaven
R5M 1G1,North Kimberly
L9N 6T8,West Melissaport
B1X7G5,Amandaview
C2G 7X7,South Tanya
T6A 5J5,Dawnport
J5P7G4,New Darinchester
S6T 9G1,Emilytown
C7E8K9,Lake Larry
A7M2E1,Sharonfort
T3E 7C8,Wilsonbury
X4A5G2,South Johnathan
T2N2A8,Andrewton
E7E8X7,Hopkinston
S3J 9J8,South Anthony
M5M5E4,Christopherfort
B3J 6M6,Jamesland
N2Y5T9,Stephensonborough
B5B9R3,Lake Christineville
N3L 3S7,Turnerburgh
B7X8Y9,South Juliefort
J4S 2A5,Kevinbury
P8J 4P6,North Nicholasfurt
A7C6P7,Alexanderton
R8X 3V8,South Marymouth
M1R 7G9,Port Manuel
X9A9P8,Brandonton
N5G7E6,Brianmouth
T7L 6R3,South Codybury
A4E 3V6,Rojaston
S4B4J5,North Vanessachester
V2J 7B6,New Brooketon
K9M 1N1,Toddton
P4L3X7,South Andrew
V2T4H6,West Brian
T7X8N6,Transhire
P7K8A8,New Annaborough
P6B 5Y2,Courtneyview
P8Y 2Y7,Johnsonport
H4J9P7,Reneeborough
P2Y9G9,North Jose
A8X4H4,Mcknighttown
E3X8S3,South Stevenside
V3K 1M8,North Laurie
V5P 3C2,Diazton
N1V3Y3,North Travisville
X5L 4K2,Dayburgh
E1N5R4,Robertsside
X3E 3K3,Kennethton
P1P4B8,Fitzgeraldburgh
M5B5Y5,Port Heatherland
R3K7R2,Brandonview
P5N 8C6,East Jason
Y1K7X9,Rebeccaland
T5B 7T2,Port Carlos
B3A1L6,Lake Candaceside
B2M 6S4,Port Joseph
H9E 9X2,South Tammy
J5H3X1,Erikstad
T1X8S2,Brookeborough
G6K6H9,Randybury
S7S1T8,Nealside
C1Y 3G7,South Emily
E2R 2C5,South Paul
A7H 3S6,Lake Kelly
M5L8Y1,East Jessica
T2G5B8,Leslieton
R6G6X3,Matthewville
B1P 4K3,New Sarah
A4S 7T9,Parsonsland
K1V 2C3,Elizabethborough
V1Y8V9,Lake Christina
K8R3J9,Robertsfurt
X2B 4T2,East Rachel
V5V4L8,Port Christian
J4S 7K1,Loweburgh
P3S4C9,Cummingshaven
L7S6A9,Harrisfurt
T8B2X7,Lake Joseph
H5P3R4,Seanmouth
B9S 2L2,New Valerie
X5M 4K1,Port Laura
B4C 8X2,Mendezview
S7H 2C7,South Casey
H7H7V5,East David
Y5K 8H4,West Waynebury
T1J3M9,Laurenport
L8X 2N8,Debraton
K8T8P2,Annaberg
P5A 3S6,West Melissa
B6L3G6,Barbaraborough
P2S9Y6,Rodgersberg
H9J 3X6,Tracymouth
P7S 7E1,Shariport
M1A4M7,East Dana
B6S7H6,Brittneyhaven
G7B6Y6,East Zacharyshire
P7E 7J7,Port Jillian
Y9K 7J4,Johnburgh
V4J 9C9,Port Elizabeth
E8V 3V4,East Tammy
M3T 9Y8,Gayside
P8B 7H7,East Noah
B3K3E2,East Seanton
H9A2S4,Ortizside
Y2K 3L2,Stephanieshire
C6X8P9,Hillmouth
S4E 8R6,South Emilyborough
G5R1A1,South Joannaton
R9B8H1,Webbmouth
B6N 9T7,Johnsonbury
N3S 1C2,Rachelville
Y4T 5E5,East Amyport
V3G1A8,Port Russell
J7X 8C9,Barrerafurt
E2G5G6,South Dakotaborough
T6N 6C8,Port Chelseybury
J2M9H5,Port Drew
B1Y 5E8,Clintonbury
L3J6C6,Hardingview
T9V 6B7,West Garyburgh
B7L 7L6,North Crystalstad
S8R3P1,North Lisa
P5G1V1,South Sharon
L4S 9V8,Rodriguezton
H7P4L9,Donaldview
P1X 2S5,Chapmanborough
J1E 7H8,Blakeland
M3H7H2,Jonesfurt
E5L7T9,Port Christophershire
S5G 6V4,Lake Emily
G6H 3M1,Andreaville
X2R8B7,Reedmouth
B8K 1T5,West Deniseberg
P4P 5R7,South Elizabeth
N8H7K2,West Manuel
